filename,file_size,file_attributes,region_count,region_id,region_shape_attributes,region_attributes
132622201609290759580001_261.jpg,602015,"{}",3,0,"{""name"":""rect"",""x"":1105,""y"":692,""width"":97,""height"":92}","{""vehicle_type"":""4"",""license_number"":""unknown"",""license_color"":""0""}"
132622201609290759580001_261.jpg,602015,"{}",3,1,"{""name"":""rect"",""x"":1291,""y"":688,""width"":125,""height"":153}","{""vehicle_type"":""3"",""license_number"":""unknown"",""license_color"":""0""}"
132622201609290759580001_261.jpg,602015,"{}",3,2,"{""name"":""rect"",""x"":1238,""y"":711,""width"":36,""height"":81}","{""vehicle_type"":""0"",""license_number"":""unknown"",""license_color"":""5""}"
132622201609290759580001_262.jpg,590277,"{}",2,0,"{""name"":""rect"",""x"":1255,""y"":729,""width"":122,""height"":161}","{""vehicle_type"":""3"",""license_number"":""unknown"",""license_color"":""0""}"
132622201609290759580001_262.jpg,590277,"{}",2,1,"{""name"":""rect"",""x"":1487,""y"":746,""width"":224,""height"":288}","{""vehicle_type"":""9"",""license_number"":""unknown"",""license_color"":""1""}"
132622201609290759580001_263.jpg,606698,"{}",3,0,"{""name"":""rect"",""x"":1027,""y"":738,""width"":113,""height"":99}","{""vehicle_type"":""1"",""license_number"":""unknown"",""license_color"":""0""}"
132622201609290759580001_263.jpg,606698,"{}",3,1,"{""name"":""rect"",""x"":431,""y"":896,""width"":276,""height"":177}","{""vehicle_type"":""1"",""license_number"":""unknown"",""license_color"":""5""}"
132622201609290759580001_263.jpg,606698,"{}",3,2,"{""name"":""rect"",""x"":1233,""y"":703,""width"":51,""height"":85}","{""vehicle_type"":""0"",""license_number"":""unknown"",""license_color"":""5""}"
132622201609290759580001_264.jpg,604770,"{}",3,0,"{""name"":""rect"",""x"":862,""y"":755,""width"":152,""height"":113}","{""vehicle_type"":""1"",""license_number"":""unknown"",""license_color"":""0""}"
132622201609290759580001_264.jpg,604770,"{}",3,1,"{""name"":""rect"",""x"":1067,""y"":735,""width"":104,""height"":98}","{""vehicle_type"":""1"",""license_number"":""unknown"",""license_color"":""0""}"
132622201609290759580001_264.jpg,604770,"{}",3,2,"{""name"":""rect"",""x"":1181,""y"":682,""width"":75,""height"":61}","{""vehicle_type"":""1"",""license_number"":""unknown"",""license_color"":""0""}"
132622201609290759580001_265.jpg,605562,"{}",1,0,"{""name"":""rect"",""x"":1157,""y"":685,""width"":79,""height"":70}","{""vehicle_type"":""1"",""license_number"":""unknown"",""license_color"":""0""}"
132622201609290759580001_266.jpg,600790,"{}",2,0,"{""name"":""rect"",""x"":530,""y"":881,""width"":259,""height"":175}","{""vehicle_type"":""1"",""license_number"":""unknown"",""license_color"":""0""}"
132622201609290759580001_266.jpg,600790,"{}",2,1,"{""name"":""rect"",""x"":1151,""y"":688,""width"":82,""height"":76}","{""vehicle_type"":""1"",""license_number"":""unknown"",""license_color"":""5""}"
132622201609290759580001_267.jpg,604546,"{}",1,0,"{""name"":""rect"",""x"":894,""y"":801,""width"":165,""height"":132}","{""vehicle_type"":""1"",""license_number"":""unknown"",""license_color"":""0""}"
132622201609290759580001_268.jpg,600706,"{}",1,0,"{""name"":""rect"",""x"":1062,""y"":716,""width"":132,""height"":127}","{""vehicle_type"":""1"",""license_number"":""unknown"",""license_color"":""0""}"
132622201609290759580001_269.jpg,599781,"{}",0,0,"{}","{}"
132622201609290759580001_270.jpg,615271,"{}",4,0,"{""name"":""rect"",""x"":525,""y"":861,""width"":264,""height"":196}","{""vehicle_type"":""1"",""license_number"":""unknown"",""license_color"":""0""}"
132622201609290759580001_270.jpg,615271,"{}",4,1,"{""name"":""rect"",""x"":859,""y"":826,""width"":187,""height"":167}","{""vehicle_type"":""1"",""license_number"":""unknown"",""license_color"":""0""}"
132622201609290759580001_270.jpg,615271,"{}",4,2,"{""name"":""rect"",""x"":1138,""y"":693,""width"":83,""height"":82}","{""vehicle_type"":""1"",""license_number"":""unknown"",""license_color"":""0""}"
132622201609290759580001_270.jpg,615271,"{}",4,3,"{""name"":""rect"",""x"":1106,""y"":677,""width"":64,""height"":56}","{""vehicle_type"":""1"",""license_number"":""unknown"",""license_color"":""0""}"
132622201609290759580001_271.jpg,613067,"{}",3,0,"{""name"":""rect"",""x"":560,""y"":859,""width"":248,""height"":167}","{""vehicle_type"":""1"",""license_number"":""unknown"",""license_color"":""0""}"
132622201609290759580001_271.jpg,613067,"{}",3,1,"{""name"":""rect"",""x"":1154,""y"":631,""width"":88,""height"":114}","{""vehicle_type"":""11"",""license_number"":""unknown"",""license_color"":""0""}"
132622201609290759580001_271.jpg,613067,"{}",3,2,"{""name"":""rect"",""x"":687,""y"":919,""width"":278,""height"":159}","{""vehicle_type"":""1"",""license_number"":""unknown"",""license_color"":""5""}"
132622201609290759580001_272.jpg,601925,"{}",1,0,"{""name"":""rect"",""x"":812,""y"":728,""width"":54,""height"":82}","{""vehicle_type"":""6"",""license_number"":""unknown"",""license_color"":""5""}"
132622201609290759580001_273.jpg,587930,"{}",1,0,"{""name"":""rect"",""x"":1537,""y"":698,""width"":210,""height"":209}","{""vehicle_type"":""9"",""license_number"":""unknown"",""license_color"":""1""}"
132622201609290759580001_274.jpg,605819,"{}",3,0,"{""name"":""rect"",""x"":925,""y"":709,""width"":86,""height"":70}","{""vehicle_type"":""6"",""license_number"":""unknown"",""license_color"":""0""}"
132622201609290759580001_274.jpg,605819,"{}",3,1,"{""name"":""rect"",""x"":690,""y"":929,""width"":263,""height"":142}","{""vehicle_type"":""1"",""license_number"":""unknown"",""license_color"":""0""}"
132622201609290759580001_274.jpg,605819,"{}",3,2,"{""name"":""rect"",""x"":262,""y"":976,""width"":308,""height"":99}","{""vehicle_type"":""1"",""license_number"":""unknown"",""license_color"":""5""}"
132622201609290759580001_275.jpg,602294,"{}",1,0,"{""name"":""rect"",""x"":1232,""y"":703,""width"":75,""height"":76}","{""vehicle_type"":""6"",""license_number"":""unknown"",""license_color"":""5""}"
132622201609290759580001_276.jpg,606193,"{}",1,0,"{""name"":""rect"",""x"":856,""y"":767,""width"":151,""height"":110}","{""vehicle_type"":""1"",""license_number"":""unknown"",""license_color"":""0""}"
132622201609290759580001_277.jpg,617613,"{}",3,0,"{""name"":""rect"",""x"":815,""y"":871,""width"":216,""height"":188}","{""vehicle_type"":""1"",""license_number"":""unknown"",""license_color"":""0""}"
132622201609290759580001_277.jpg,617613,"{}",3,1,"{""name"":""rect"",""x"":1118,""y"":701,""width"":95,""height"":77}","{""vehicle_type"":""1"",""license_number"":""unknown"",""license_color"":""0""}"
132622201609290759580001_277.jpg,617613,"{}",3,2,"{""name"":""rect"",""x"":403,""y"":928,""width"":291,""height"":143}","{""vehicle_type"":""1"",""license_number"":""unknown"",""license_color"":""0""}"
132622201609290759580001_278.jpg,607024,"{}",3,0,"{""name"":""rect"",""x"":1238,""y"":815,""width"":177,""height"":167}","{""vehicle_type"":""1"",""license_number"":""unknown"",""license_color"":""0""}"
132622201609290759580001_278.jpg,607024,"{}",3,1,"{""name"":""rect"",""x"":1105,""y"":659,""width"":95,""height"":73}","{""vehicle_type"":""1"",""license_number"":""unknown"",""license_color"":""0""}"
132622201609290759580001_278.jpg,607024,"{}",3,2,"{""name"":""rect"",""x"":313,""y"":833,""width"":98,""height"":130}","{""vehicle_type"":""6"",""license_number"":""unknown"",""license_color"":""5""}"
132622201609290759580001_279.jpg,601020,"{}",0,0,"{}","{}"
132622201609290759580001_280.jpg,599853,"{}",2,0,"{""name"":""rect"",""x"":1054,""y"":693,""width"":37,""height"":54}","{""vehicle_type"":""0"",""license_number"":""unknown"",""license_color"":""5""}"
132622201609290759580001_280.jpg,599853,"{}",2,1,"{""name"":""rect"",""x"":1436,""y"":709,""width"":94,""height"":110}","{""vehicle_type"":""1"",""license_number"":""unknown"",""license_color"":""0""}"
132622201609290759580001_281.jpg,598864,"{}",1,0,"{""name"":""rect"",""x"":1161,""y"":680,""width"":45,""height"":72}","{""vehicle_type"":""0"",""license_number"":""unknown"",""license_color"":""5""}"
132622201609290759580001_282.jpg,597755,"{}",2,0,"{""name"":""rect"",""x"":1223,""y"":685,""width"":44,""height"":72}","{""vehicle_type"":""0"",""license_number"":""unknown"",""license_color"":""5""}"
132622201609290759580001_282.jpg,597755,"{}",2,1,"{""name"":""rect"",""x"":1417,""y"":731,""width"":113,""height"":113}","{""vehicle_type"":""1"",""license_number"":""unknown"",""license_color"":""0""}"
132622201609290759580001_283.jpg,598266,"{}",1,0,"{""name"":""rect"",""x"":1242,""y"":686,""width"":36,""height"":72}","{""vehicle_type"":""0"",""license_number"":""unknown"",""license_color"":""0""}"
132622201609290759580001_284.jpg,577913,"{}",3,0,"{""name"":""rect"",""x"":954,""y"":723,""width"":441,""height"":348}","{""vehicle_type"":""2"",""license_number"":""unknown"",""license_color"":""5""}"
132622201609290759580001_284.jpg,577913,"{}",3,1,"{""name"":""rect"",""x"":1423,""y"":741,""width"":92,""height"":111}","{""vehicle_type"":""1"",""license_number"":""unknown"",""license_color"":""3""}"
132622201609290759580001_284.jpg,577913,"{}",3,2,"{""name"":""rect"",""x"":1584,""y"":666,""width"":145,""height"":186}","{""vehicle_type"":""9"",""license_number"":""unknown"",""license_color"":""1""}"
132622201609290759580001_285.jpg,603577,"{}",2,0,"{""name"":""rect"",""x"":1436,""y"":696,""width"":105,""height"":96}","{""vehicle_type"":""1"",""license_number"":""unknown"",""license_color"":""0""}"
132622201609290759580001_285.jpg,603577,"{}",2,1,"{""name"":""rect"",""x"":1244,""y"":681,""width"":32,""height"":86}","{""vehicle_type"":""0"",""license_number"":""unknown"",""license_color"":""5""}"
132622201609290759580001_286.jpg,599047,"{}",1,0,"{""name"":""rect"",""x"":1257,""y"":690,""width"":28,""height"":64}","{""vehicle_type"":""0"",""license_number"":""unknown"",""license_color"":""5""}"
132622201609290759580001_287.jpg,599392,"{}",2,0,"{""name"":""rect"",""x"":1257,""y"":682,""width"":39,""height"":77}","{""vehicle_type"":""0"",""license_number"":""unknown"",""license_color"":""5""}"
132622201609290759580001_287.jpg,599392,"{}",2,1,"{""name"":""rect"",""x"":1315,""y"":674,""width"":96,""height"":105}","{""vehicle_type"":""1"",""license_number"":""unknown"",""license_color"":""5""}"
132622201609290759580001_288.jpg,600520,"{}",3,0,"{""name"":""rect"",""x"":1251,""y"":681,""width"":34,""height"":83}","{""vehicle_type"":""0"",""license_number"":""unknown"",""license_color"":""5""}"
132622201609290759580001_288.jpg,600520,"{}",3,1,"{""name"":""rect"",""x"":1423,""y"":697,""width"":105,""height"":105}","{""vehicle_type"":""1"",""license_number"":""unknown"",""license_color"":""0""}"
132622201609290759580001_288.jpg,600520,"{}",3,2,"{""name"":""rect"",""x"":1270,""y"":755,""width"":102,""height"":96}","{""vehicle_type"":""1"",""license_number"":""unknown"",""license_color"":""0""}"
132622201609290759580001_289.jpg,602019,"{}",2,0,"{""name"":""rect"",""x"":1277,""y"":823,""width"":146,""height"":194}","{""vehicle_type"":""4"",""license_number"":""unknown"",""license_color"":""0""}"
132622201609290759580001_289.jpg,602019,"{}",2,1,"{""name"":""rect"",""x"":1257,""y"":679,""width"":32,""height"":79}","{""vehicle_type"":""0"",""license_number"":""unknown"",""license_color"":""5""}"
132622201609290759580001_290.jpg,609412,"{}",3,0,"{""name"":""rect"",""x"":1260,""y"":685,""width"":32,""height"":75}","{""vehicle_type"":""0"",""license_number"":""unknown"",""license_color"":""5""}"
132622201609290759580001_290.jpg,609412,"{}",3,1,"{""name"":""rect"",""x"":1121,""y"":916,""width"":202,""height"":159}","{""vehicle_type"":""1"",""license_number"":""unknown"",""license_color"":""0""}"
132622201609290759580001_290.jpg,609412,"{}",3,2,"{""name"":""rect"",""x"":1407,""y"":839,""width"":161,""height"":143}","{""vehicle_type"":""1"",""license_number"":""unknown"",""license_color"":""0""}"
132622201609290759580001_291.jpg,611592,"{}",3,0,"{""name"":""rect"",""x"":869,""y"":836,""width"":200,""height"":153}","{""vehicle_type"":""1"",""license_number"":""unknown"",""license_color"":""0""}"
132622201609290759580001_291.jpg,611592,"{}",3,1,"{""name"":""rect"",""x"":1059,""y"":692,""width"":99,""height"":72}","{""vehicle_type"":""1"",""license_number"":""unknown"",""license_color"":""0""}"
132622201609290759580001_291.jpg,611592,"{}",3,2,"{""name"":""rect"",""x"":1260,""y"":689,""width"":27,""height"":74}","{""vehicle_type"":""0"",""license_number"":""unknown"",""license_color"":""5""}"
132622201609290759580001_292.jpg,612492,"{}",2,0,"{""name"":""rect"",""x"":1162,""y"":850,""width"":194,""height"":200}","{""vehicle_type"":""4"",""license_number"":""unknown"",""license_color"":""0""}"
132622201609290759580001_292.jpg,612492,"{}",2,1,"{""name"":""rect"",""x"":1118,""y"":720,""width"":88,""height"":72}","{""vehicle_type"":""1"",""license_number"":""unknown"",""license_color"":""0""}"
132622201609290759580001_293.jpg,610036,"{}",4,0,"{""name"":""rect"",""x"":1033,""y"":706,""width"":85,""height"":64}","{""vehicle_type"":""1"",""license_number"":""unknown"",""license_color"":""0""}"
132622201609290759580001_293.jpg,610036,"{}",4,1,"{""name"":""rect"",""x"":1428,""y"":741,""width"":110,""height"":102}","{""vehicle_type"":""1"",""license_number"":""unknown"",""license_color"":""0""}"
132622201609290759580001_293.jpg,610036,"{}",4,2,"{""name"":""rect"",""x"":1265,""y"":685,""width"":31,""height"":85}","{""vehicle_type"":""0"",""license_number"":""unknown"",""license_color"":""5""}"
132622201609290759580001_293.jpg,610036,"{}",4,3,"{""name"":""rect"",""x"":655,""y"":954,""width"":259,""height"":120}","{""vehicle_type"":""1"",""license_number"":""unknown"",""license_color"":""5""}"
132622201609290759580001_294.jpg,604656,"{}",3,0,"{""name"":""rect"",""x"":1064,""y"":736,""width"":121,""height"":101}","{""vehicle_type"":""1"",""license_number"":""unknown"",""license_color"":""0""}"
132622201609290759580001_294.jpg,604656,"{}",3,1,"{""name"":""rect"",""x"":1261,""y"":693,""width"":23,""height"":72}","{""vehicle_type"":""0"",""license_number"":""unknown"",""license_color"":""5""}"
132622201609290759580001_294.jpg,604656,"{}",3,2,"{""name"":""rect"",""x"":330,""y"":831,""width"":343,""height"":241}","{""vehicle_type"":""3"",""license_number"":""unknown"",""license_color"":""0""}"
132622201609290759580001_295.jpg,588621,"{}",1,0,"{""name"":""rect"",""x"":1584,""y"":662,""width"":142,""height"":168}","{""vehicle_type"":""9"",""license_number"":""unknown"",""license_color"":""1""}"
132622201609290759580001_296.jpg,614537,"{}",2,0,"{""name"":""rect"",""x"":525,""y"":851,""width"":243,""height"":177}","{""vehicle_type"":""1"",""license_number"":""unknown"",""license_color"":""0""}"
132622201609290759580001_296.jpg,614537,"{}",2,1,"{""name"":""rect"",""x"":707,""y"":902,""width"":303,""height"":170}","{""vehicle_type"":""1"",""license_number"":""unknown"",""license_color"":""5""}"
132622201609290759580001_297.jpg,611545,"{}",4,0,"{""name"":""rect"",""x"":742,""y"":842,""width"":234,""height"":186}","{""vehicle_type"":""1"",""license_number"":""unknown"",""license_color"":""0""}"
132622201609290759580001_297.jpg,611545,"{}",4,1,"{""name"":""rect"",""x"":1092,""y"":704,""width"":110,""height"":95}","{""vehicle_type"":""1"",""license_number"":""unknown"",""license_color"":""0""}"
132622201609290759580001_297.jpg,611545,"{}",4,2,"{""name"":""rect"",""x"":1004,""y"":703,""width"":76,""height"":83}","{""vehicle_type"":""1"",""license_number"":""unknown"",""license_color"":""0""}"
132622201609290759580001_297.jpg,611545,"{}",4,3,"{""name"":""rect"",""x"":1274,""y"":709,""width"":107,""height"":123}","{""vehicle_type"":""3"",""license_number"":""unknown"",""license_color"":""0""}"
132622201609290759580001_298.jpg,600774,"{}",1,0,"{""name"":""rect"",""x"":1121,""y"":693,""width"":94,""height"":102}","{""vehicle_type"":""4"",""license_number"":""unknown"",""license_color"":""1""}"
132622201609290759580001_299.jpg,615730,"{}",5,0,"{""name"":""rect"",""x"":723,""y"":799,""width"":206,""height"":152}","{""vehicle_type"":""1"",""license_number"":""unknown"",""license_color"":""0""}"
132622201609290759580001_299.jpg,615730,"{}",5,1,"{""name"":""rect"",""x"":966,""y"":701,""width"":94,""height"":110}","{""vehicle_type"":""1"",""license_number"":""unknown"",""license_color"":""0""}"
132622201609290759580001_299.jpg,615730,"{}",5,2,"{""name"":""rect"",""x"":1093,""y"":712,""width"":105,""height"":95}","{""vehicle_type"":""1"",""license_number"":""unknown"",""license_color"":""0""}"
132622201609290759580001_299.jpg,615730,"{}",5,3,"{""name"":""rect"",""x"":696,""y"":959,""width"":247,""height"":117}","{""vehicle_type"":""1"",""license_number"":""unknown"",""license_color"":""5""}"
132622201609290759580001_299.jpg,615730,"{}",5,4,"{""name"":""rect"",""x"":7,""y"":896,""width"":478,""height"":177}","{""vehicle_type"":""11"",""license_number"":""unknown"",""license_color"":""5""}"
132622201609290759580001_300.jpg,604677,"{}",3,0,"{""name"":""rect"",""x"":875,""y"":809,""width"":149,""height"":108}","{""vehicle_type"":""1"",""license_number"":""unknown"",""license_color"":""0""}"
132622201609290759580001_300.jpg,604677,"{}",3,1,"{""name"":""rect"",""x"":999,""y"":720,""width"":91,""height"":77}","{""vehicle_type"":""1"",""license_number"":""unknown"",""license_color"":""0""}"
132622201609290759580001_300.jpg,604677,"{}",3,2,"{""name"":""rect"",""x"":1314,""y"":682,""width"":29,""height"":69}","{""vehicle_type"":""0"",""license_number"":""unknown"",""license_color"":""5""}"
132622201609290759580001_301.jpg,606075,"{}",2,0,"{""name"":""rect"",""x"":923,""y"":736,""width"":111,""height"":86}","{""vehicle_type"":""1"",""license_number"":""unknown"",""license_color"":""0""}"
132622201609290759580001_301.jpg,606075,"{}",2,1,"{""name"":""rect"",""x"":956,""y"":805,""width"":158,""height"":121}","{""vehicle_type"":""1"",""license_number"":""unknown"",""license_color"":""0""}"
132622201609290759580001_302.jpg,598630,"{}",1,0,"{""name"":""rect"",""x"":929,""y"":742,""width"":134,""height"":91}","{""vehicle_type"":""1"",""license_number"":""unknown"",""license_color"":""0""}"
132622201609290759580001_303.jpg,599005,"{}",2,0,"{""name"":""rect"",""x"":1257,""y"":843,""width"":161,""height"":133}","{""vehicle_type"":""1"",""license_number"":""unknown"",""license_color"":""0""}"
132622201609290759580001_303.jpg,599005,"{}",2,1,"{""name"":""rect"",""x"":1165,""y"":690,""width"":94,""height"":73}","{""vehicle_type"":""1"",""license_number"":""unknown"",""license_color"":""0""}"
132622201609290759580001_304.jpg,599815,"{}",3,0,"{""name"":""rect"",""x"":1065,""y"":750,""width"":134,""height"":79}","{""vehicle_type"":""1"",""license_number"":""unknown"",""license_color"":""0""}"
132622201609290759580001_304.jpg,599815,"{}",3,1,"{""name"":""rect"",""x"":1451,""y"":726,""width"":83,""height"":79}","{""vehicle_type"":""1"",""license_number"":""unknown"",""license_color"":""0""}"
132622201609290759580001_304.jpg,599815,"{}",3,2,"{""name"":""rect"",""x"":1058,""y"":685,""width"":92,""height"":61}","{""vehicle_type"":""1"",""license_number"":""unknown"",""license_color"":""0""}"
132622201609290759580001_305.jpg,600522,"{}",1,0,"{""name"":""rect"",""x"":1043,""y"":697,""width"":96,""height"":69}","{""vehicle_type"":""1"",""license_number"":""unknown"",""license_color"":""0""}"
132622201609290759580001_306.jpg,593743,"{}",4,0,"{""name"":""rect"",""x"":1211,""y"":859,""width"":143,""height"":158}","{""vehicle_type"":""1"",""license_number"":""unknown"",""license_color"":""0""}"
132622201609290759580001_306.jpg,593743,"{}",4,1,"{""name"":""rect"",""x"":1569,""y"":666,""width"":146,""height"":167}","{""vehicle_type"":""9"",""license_number"":""unknown"",""license_color"":""0""}"
132622201609290759580001_306.jpg,593743,"{}",4,2,"{""name"":""rect"",""x"":1420,""y"":606,""width"":89,""height"":130}","{""vehicle_type"":""2"",""license_number"":""unknown"",""license_color"":""5""}"
132622201609290759580001_306.jpg,593743,"{}",4,3,"{""name"":""rect"",""x"":890,""y"":691,""width"":96,""height"":76}","{""vehicle_type"":""1"",""license_number"":""unknown"",""license_color"":""0""}"
132622201609290759580001_307.jpg,606046,"{}",4,0,"{""name"":""rect"",""x"":938,""y"":722,""width"":108,""height"":104}","{""vehicle_type"":""1"",""license_number"":""unknown"",""license_color"":""0""}"
132622201609290759580001_307.jpg,606046,"{}",4,1,"{""name"":""rect"",""x"":1070,""y"":684,""width"":99,""height"":82}","{""vehicle_type"":""1"",""license_number"":""unknown"",""license_color"":""0""}"
132622201609290759580001_307.jpg,606046,"{}",4,2,"{""name"":""rect"",""x"":1026,""y"":766,""width"":149,""height"":134}","{""vehicle_type"":""1"",""license_number"":""unknown"",""license_color"":""0""}"
132622201609290759580001_307.jpg,606046,"{}",4,3,"{""name"":""rect"",""x"":1417,""y"":698,""width"":83,""height"":92}","{""vehicle_type"":""1"",""license_number"":""unknown"",""license_color"":""0""}"
132622201609290759580001_308.jpg,594960,"{}",0,0,"{}","{}"
132622201609290759580001_309.jpg,598994,"{}",1,0,"{""name"":""rect"",""x"":1100,""y"":720,""width"":117,""height"":95}","{""vehicle_type"":""1"",""license_number"":""unknown"",""license_color"":""0""}"
132622201609290759580001_310.jpg,602713,"{}",4,0,"{""name"":""rect"",""x"":839,""y"":741,""width"":130,""height"":146}","{""vehicle_type"":""1"",""license_number"":""unknown"",""license_color"":""0""}"
132622201609290759580001_310.jpg,602713,"{}",4,1,"{""name"":""rect"",""x"":1006,""y"":764,""width"":124,""height"":123}","{""vehicle_type"":""1"",""license_number"":""unknown"",""license_color"":""0""}"
132622201609290759580001_310.jpg,602713,"{}",4,2,"{""name"":""rect"",""x"":1265,""y"":757,""width"":123,""height"":117}","{""vehicle_type"":""1"",""license_number"":""unknown"",""license_color"":""0""}"
132622201609290759580001_310.jpg,602713,"{}",4,3,"{""name"":""rect"",""x"":1436,""y"":693,""width"":98,""height"":98}","{""vehicle_type"":""1"",""license_number"":""unknown"",""license_color"":""0""}"
132622201609290759580001_311.jpg,600996,"{}",2,0,"{""name"":""rect"",""x"":1128,""y"":703,""width"":107,""height"":99}","{""vehicle_type"":""1"",""license_number"":""unknown"",""license_color"":""0""}"
132622201609290759580001_311.jpg,600996,"{}",2,1,"{""name"":""rect"",""x"":1309,""y"":685,""width"":95,""height"":94}","{""vehicle_type"":""1"",""license_number"":""unknown"",""license_color"":""0""}"
132622201609290759580001_312.jpg,602935,"{}",2,0,"{""name"":""rect"",""x"":560,""y"":855,""width"":232,""height"":153}","{""vehicle_type"":""1"",""license_number"":""unknown"",""license_color"":""0""}"
132622201609290759580001_312.jpg,602935,"{}",2,1,"{""name"":""rect"",""x"":1131,""y"":701,""width"":91,""height"":63}","{""vehicle_type"":""1"",""license_number"":""unknown"",""license_color"":""0""}"
132622201609290759580001_313.jpg,606782,"{}",2,0,"{""name"":""rect"",""x"":821,""y"":872,""width"":202,""height"":172}","{""vehicle_type"":""1"",""license_number"":""unknown"",""license_color"":""0""}"
132622201609290759580001_313.jpg,606782,"{}",2,1,"{""name"":""rect"",""x"":1289,""y"":760,""width"":129,""height"":91}","{""vehicle_type"":""1"",""license_number"":""unknown"",""license_color"":""0""}"
132622201609290759580001_314.jpg,602879,"{}",1,0,"{""name"":""rect"",""x"":1274,""y"":716,""width"":101,""height"":75}","{""vehicle_type"":""1"",""license_number"":""unknown"",""license_color"":""0""}"
132622201609290759580001_315.jpg,616296,"{}",5,0,"{""name"":""rect"",""x"":640,""y"":831,""width"":193,""height"":146}","{""vehicle_type"":""1"",""license_number"":""unknown"",""license_color"":""0""}"
132622201609290759580001_315.jpg,616296,"{}",5,1,"{""name"":""rect"",""x"":1035,""y"":769,""width"":101,""height"":120}","{""vehicle_type"":""1"",""license_number"":""unknown"",""license_color"":""0""}"
132622201609290759580001_315.jpg,616296,"{}",5,2,"{""name"":""rect"",""x"":1170,""y"":693,""width"":77,""height"":75}","{""vehicle_type"":""1"",""license_number"":""unknown"",""license_color"":""0""}"
132622201609290759580001_315.jpg,616296,"{}",5,3,"{""name"":""rect"",""x"":1290,""y"":715,""width"":77,""height"":79}","{""vehicle_type"":""1"",""license_number"":""unknown"",""license_color"":""0""}"
132622201609290759580001_315.jpg,616296,"{}",5,4,"{""name"":""rect"",""x"":612,""y"":937,""width"":282,""height"":134}","{""vehicle_type"":""1"",""license_number"":""unknown"",""license_color"":""5""}"
132622201609290759580001_316.jpg,603790,"{}",2,0,"{""name"":""rect"",""x"":1084,""y"":713,""width"":111,""height"":83}","{""vehicle_type"":""1"",""license_number"":""unknown"",""license_color"":""0""}"
132622201609290759580001_316.jpg,603790,"{}",2,1,"{""name"":""rect"",""x"":1268,""y"":716,""width"":105,""height"":75}","{""vehicle_type"":""1"",""license_number"":""unknown"",""license_color"":""0""}"
132622201609290759580001_317.jpg,591040,"{}",3,0,"{""name"":""rect"",""x"":852,""y"":703,""width"":101,""height"":75}","{""vehicle_type"":""1"",""license_number"":""unknown"",""license_color"":""0""}"
132622201609290759580001_317.jpg,591040,"{}",3,1,"{""name"":""rect"",""x"":1102,""y"":734,""width"":107,""height"":86}","{""vehicle_type"":""1"",""license_number"":""unknown"",""license_color"":""0""}"
132622201609290759580001_317.jpg,591040,"{}",3,2,"{""name"":""rect"",""x"":1566,""y"":671,""width"":159,""height"":148}","{""vehicle_type"":""9"",""license_number"":""unknown"",""license_color"":""1""}"
132622201609290759580001_318.jpg,601406,"{}",3,0,"{""name"":""rect"",""x"":1046,""y"":693,""width"":146,""height"":69}","{""vehicle_type"":""1"",""license_number"":""unknown"",""license_color"":""0""}"
132622201609290759580001_318.jpg,601406,"{}",3,1,"{""name"":""rect"",""x"":792,""y"":704,""width"":47,""height"":68}","{""vehicle_type"":""6"",""license_number"":""unknown"",""license_color"":""5""}"
132622201609290759580001_318.jpg,601406,"{}",3,2,"{""name"":""rect"",""x"":677,""y"":716,""width"":39,""height"":63}","{""vehicle_type"":""0"",""license_number"":""unknown"",""license_color"":""5""}"
132622201609290759580001_319.jpg,600254,"{}",3,0,"{""name"":""rect"",""x"":731,""y"":728,""width"":34,""height"":69}","{""vehicle_type"":""0"",""license_number"":""unknown"",""license_color"":""5""}"
132622201609290759580001_319.jpg,600254,"{}",3,1,"{""name"":""rect"",""x"":883,""y"":677,""width"":53,""height"":58}","{""vehicle_type"":""6"",""license_number"":""unknown"",""license_color"":""5""}"
132622201609290759580001_319.jpg,600254,"{}",3,2,"{""name"":""rect"",""x"":491,""y"":791,""width"":66,""height"":94}","{""vehicle_type"":""6"",""license_number"":""unknown"",""license_color"":""5""}"
132622201609290759580001_320.jpg,603623,"{}",3,0,"{""name"":""rect"",""x"":907,""y"":738,""width"":146,""height"":108}","{""vehicle_type"":""1"",""license_number"":""unknown"",""license_color"":""0""}"
132622201609290759580001_320.jpg,603623,"{}",3,1,"{""name"":""rect"",""x"":722,""y"":728,""width"":26,""height"":72}","{""vehicle_type"":""1"",""license_number"":""unknown"",""license_color"":""5""}"
132622201609290759580001_320.jpg,603623,"{}",3,2,"{""name"":""rect"",""x"":596,""y"":764,""width"":37,""height"":72}","{""vehicle_type"":""6"",""license_number"":""unknown"",""license_color"":""5""}"
132622201609290759580001_321.jpg,602072,"{}",3,0,"{""name"":""rect"",""x"":719,""y"":723,""width"":35,""height"":70}","{""vehicle_type"":""0"",""license_number"":""unknown"",""license_color"":""0""}"
132622201609290759580001_321.jpg,602072,"{}",3,1,"{""name"":""rect"",""x"":1191,""y"":675,""width"":82,""height"":70}","{""vehicle_type"":""5"",""license_number"":""unknown"",""license_color"":""0""}"
132622201609290759580001_321.jpg,602072,"{}",3,2,"{""name"":""rect"",""x"":1087,""y"":679,""width"":95,""height"":75}","{""vehicle_type"":""1"",""license_number"":""unknown"",""license_color"":""0""}"
132622201609290759580001_322.jpg,604247,"{}",3,0,"{""name"":""rect"",""x"":1210,""y"":865,""width"":156,""height"":161}","{""vehicle_type"":""1"",""license_number"":""unknown"",""license_color"":""0""}"
132622201609290759580001_322.jpg,604247,"{}",3,1,"{""name"":""rect"",""x"":1311,""y"":693,""width"":83,""height"":73}","{""vehicle_type"":""1"",""license_number"":""unknown"",""license_color"":""0""}"
132622201609290759580001_322.jpg,604247,"{}",3,2,"{""name"":""rect"",""x"":1431,""y"":628,""width"":107,""height"":139}","{""vehicle_type"":""2"",""license_number"":""unknown"",""license_color"":""0""}"
132622201609290759580001_323.jpg,607676,"{}",1,0,"{""name"":""rect"",""x"":614,""y"":847,""width"":222,""height"":143}","{""vehicle_type"":""1"",""license_number"":""unknown"",""license_color"":""0""}"
132622201609290759580001_324.jpg,601352,"{}",3,0,"{""name"":""rect"",""x"":1336,""y"":679,""width"":69,""height"":69}","{""vehicle_type"":""1"",""license_number"":""unknown"",""license_color"":""0""}"
132622201609290759580001_324.jpg,601352,"{}",3,1,"{""name"":""rect"",""x"":1460,""y"":677,""width"":63,""height"":57}","{""vehicle_type"":""1"",""license_number"":""unknown"",""license_color"":""0""}"
132622201609290759580001_324.jpg,601352,"{}",3,2,"{""name"":""rect"",""x"":1184,""y"":685,""width"":70,""height"":50}","{""vehicle_type"":""1"",""license_number"":""unknown"",""license_color"":""0""}"
132622201609290759580001_325.jpg,605694,"{}",3,0,"{""name"":""rect"",""x"":405,""y"":931,""width"":319,""height"":148}","{""vehicle_type"":""5"",""license_number"":""unknown"",""license_color"":""5""}"
132622201609290759580001_325.jpg,605694,"{}",3,1,"{""name"":""rect"",""x"":1416,""y"":693,""width"":92,""height"":91}","{""vehicle_type"":""1"",""license_number"":""unknown"",""license_color"":""0""}"
132622201609290759580001_325.jpg,605694,"{}",3,2,"{""name"":""rect"",""x"":853,""y"":685,""width"":38,""height"":66}","{""vehicle_type"":""6"",""license_number"":""unknown"",""license_color"":""5""}"
132622201609290759580001_326.jpg,598383,"{}",2,0,"{""name"":""rect"",""x"":918,""y"":753,""width"":136,""height"":91}","{""vehicle_type"":""1"",""license_number"":""unknown"",""license_color"":""0""}"
132622201609290759580001_326.jpg,598383,"{}",2,1,"{""name"":""rect"",""x"":462,""y"":773,""width"":54,""height"":102}","{""vehicle_type"":""6"",""license_number"":""unknown"",""license_color"":""5""}"
132622201609290759580001_327.jpg,610467,"{}",3,0,"{""name"":""rect"",""x"":779,""y"":802,""width"":156,""height"":118}","{""vehicle_type"":""1"",""license_number"":""unknown"",""license_color"":""0""}"
132622201609290759580001_327.jpg,610467,"{}",3,1,"{""name"":""rect"",""x"":1070,""y"":747,""width"":110,""height"":94}","{""vehicle_type"":""5"",""license_number"":""unknown"",""license_color"":""0""}"
132622201609290759580001_327.jpg,610467,"{}",3,2,"{""name"":""rect"",""x"":1317,""y"":715,""width"":95,""height"":82}","{""vehicle_type"":""1"",""license_number"":""unknown"",""license_color"":""0""}"
132622201609290759580001_328.jpg,607099,"{}",4,0,"{""name"":""rect"",""x"":853,""y"":850,""width"":202,""height"":174}","{""vehicle_type"":""1"",""license_number"":""unknown"",""license_color"":""0""}"
132622201609290759580001_328.jpg,607099,"{}",4,1,"{""name"":""rect"",""x"":831,""y"":782,""width"":145,""height"":108}","{""vehicle_type"":""1"",""license_number"":""unknown"",""license_color"":""0""}"
132622201609290759580001_328.jpg,607099,"{}",4,2,"{""name"":""rect"",""x"":846,""y"":706,""width"":108,""height"":69}","{""vehicle_type"":""1"",""license_number"":""unknown"",""license_color"":""0""}"
132622201609290759580001_328.jpg,607099,"{}",4,3,"{""name"":""rect"",""x"":1561,""y"":662,""width"":162,""height"":164}","{""vehicle_type"":""9"",""license_number"":""unknown"",""license_color"":""5""}"
132622201609290759580001_329.jpg,603929,"{}",1,0,"{""name"":""rect"",""x"":1350,""y"":917,""width"":191,""height"":159}","{""vehicle_type"":""1"",""license_number"":""unknown"",""license_color"":""0""}"
132622201609290759580001_330.jpg,604079,"{}",1,0,"{""name"":""rect"",""x"":1293,""y"":699,""width"":135,""height"":159}","{""vehicle_type"":""4"",""license_number"":""unknown"",""license_color"":""5""}"
132622201609290759580001_331.jpg,597809,"{}",0,0,"{}","{}"
132622201609290759580001_332.jpg,597606,"{}",0,0,"{}","{}"
132622201609290759580001_333.jpg,597070,"{}",0,0,"{}","{}"
132622201609290759580001_334.jpg,603304,"{}",1,0,"{""name"":""rect"",""x"":1423,""y"":747,""width"":114,""height"":102}","{""vehicle_type"":""1"",""license_number"":""unknown"",""license_color"":""0""}"
132622201609290759580001_335.jpg,599714,"{}",1,0,"{""name"":""rect"",""x"":1416,""y"":743,""width"":129,""height"":126}","{""vehicle_type"":""1"",""license_number"":""unknown"",""license_color"":""0""}"
132622201609290759580001_336.jpg,596306,"{}",0,0,"{}","{}"
132622201609290759580001_337.jpg,594600,"{}",0,0,"{}","{}"
132622201609290759580001_338.jpg,590788,"{}",2,0,"{""name"":""rect"",""x"":937,""y"":717,""width"":115,""height"":96}","{""vehicle_type"":""1"",""license_number"":""unknown"",""license_color"":""0""}"
132622201609290759580001_338.jpg,590788,"{}",2,1,"{""name"":""rect"",""x"":602,""y"":969,""width"":269,""height"":108}","{""vehicle_type"":""1"",""license_number"":""unknown"",""license_color"":""5""}"
132622201609290759580001_339.jpg,598500,"{}",5,0,"{""name"":""rect"",""x"":940,""y"":678,""width"":139,""height"":137}","{""vehicle_type"":""12"",""license_number"":""unknown"",""license_color"":""0""}"
132622201609290759580001_339.jpg,598500,"{}",5,1,"{""name"":""rect"",""x"":1143,""y"":909,""width"":199,""height"":165}","{""vehicle_type"":""1"",""license_number"":""unknown"",""license_color"":""0""}"
132622201609290759580001_339.jpg,598500,"{}",5,2,"{""name"":""rect"",""x"":846,""y"":703,""width"":101,""height"":77}","{""vehicle_type"":""1"",""license_number"":""unknown"",""license_color"":""0""}"
132622201609290759580001_339.jpg,598500,"{}",5,3,"{""name"":""rect"",""x"":1571,""y"":674,""width"":151,""height"":152}","{""vehicle_type"":""9"",""license_number"":""unknown"",""license_color"":""1""}"
132622201609290759580001_339.jpg,598500,"{}",5,4,"{""name"":""rect"",""x"":1436,""y"":704,""width"":85,""height"":86}","{""vehicle_type"":""1"",""license_number"":""unknown"",""license_color"":""0""}"
132622201609290759580001_340.jpg,607877,"{}",5,0,"{""name"":""rect"",""x"":858,""y"":837,""width"":201,""height"":155}","{""vehicle_type"":""1"",""license_number"":""unknown"",""license_color"":""0""}"
132622201609290759580001_340.jpg,607877,"{}",5,1,"{""name"":""rect"",""x"":1406,""y"":752,""width"":114,""height"":101}","{""vehicle_type"":""1"",""license_number"":""unknown"",""license_color"":""0""}"
132622201609290759580001_340.jpg,607877,"{}",5,2,"{""name"":""rect"",""x"":1091,""y"":740,""width"":102,""height"":83}","{""vehicle_type"":""1"",""license_number"":""unknown"",""license_color"":""0""}"
132622201609290759580001_340.jpg,607877,"{}",5,3,"{""name"":""rect"",""x"":1026,""y"":702,""width"":93,""height"":66}","{""vehicle_type"":""1"",""license_number"":""unknown"",""license_color"":""0""}"
132622201609290759580001_340.jpg,607877,"{}",5,4,"{""name"":""rect"",""x"":818,""y"":768,""width"":156,""height"":105}","{""vehicle_type"":""1"",""license_number"":""unknown"",""license_color"":""0""}"
132622201609290759580001_341.jpg,597591,"{}",3,0,"{""name"":""rect"",""x"":852,""y"":773,""width"":153,""height"":98}","{""vehicle_type"":""1"",""license_number"":""unknown"",""license_color"":""0""}"
132622201609290759580001_341.jpg,597591,"{}",3,1,"{""name"":""rect"",""x"":1151,""y"":679,""width"":94,""height"":79}","{""vehicle_type"":""1"",""license_number"":""unknown"",""license_color"":""0""}"
132622201609290759580001_341.jpg,597591,"{}",3,2,"{""name"":""rect"",""x"":1054,""y"":690,""width"":83,""height"":64}","{""vehicle_type"":""1"",""license_number"":""unknown"",""license_color"":""0""}"
132622201609290759580001_342.jpg,599298,"{}",2,0,"{""name"":""rect"",""x"":845,""y"":754,""width"":158,""height"":107}","{""vehicle_type"":""1"",""license_number"":""unknown"",""license_color"":""0""}"
132622201609290759580001_342.jpg,599298,"{}",2,1,"{""name"":""rect"",""x"":1035,""y"":761,""width"":130,""height"":96}","{""vehicle_type"":""1"",""license_number"":""unknown"",""license_color"":""0""}"
132622201609290759580001_343.jpg,590824,"{}",3,0,"{""name"":""rect"",""x"":1032,""y"":703,""width"":101,""height"":63}","{""vehicle_type"":""1"",""license_number"":""unknown"",""license_color"":""0""}"
132622201609290759580001_343.jpg,590824,"{}",3,1,"{""name"":""rect"",""x"":1159,""y"":691,""width"":80,""height"":63}","{""vehicle_type"":""1"",""license_number"":""unknown"",""license_color"":""0""}"
132622201609290759580001_343.jpg,590824,"{}",3,2,"{""name"":""rect"",""x"":1315,""y"":734,""width"":102,""height"":79}","{""vehicle_type"":""1"",""license_number"":""unknown"",""license_color"":""0""}"
132622201609290759580001_344.jpg,591658,"{}",2,0,"{""name"":""rect"",""x"":897,""y"":744,""width"":140,""height"":92}","{""vehicle_type"":""1"",""license_number"":""unknown"",""license_color"":""0""}"
132622201609290759580001_344.jpg,591658,"{}",2,1,"{""name"":""rect"",""x"":1109,""y"":726,""width"":95,""height"":75}","{""vehicle_type"":""1"",""license_number"":""unknown"",""license_color"":""0""}"
132622201609290759580001_345.jpg,601186,"{}",3,0,"{""name"":""rect"",""x"":913,""y"":755,""width"":124,""height"":88}","{""vehicle_type"":""1"",""license_number"":""unknown"",""license_color"":""0""}"
132622201609290759580001_345.jpg,601186,"{}",3,1,"{""name"":""rect"",""x"":1138,""y"":706,""width"":91,""height"":66}","{""vehicle_type"":""1"",""license_number"":""unknown"",""license_color"":""0""}"
132622201609290759580001_345.jpg,601186,"{}",3,2,"{""name"":""rect"",""x"":615,""y"":716,""width"":127,""height"":80}","{""vehicle_type"":""1"",""license_number"":""unknown"",""license_color"":""0""}"
132622201609290759580001_346.jpg,600022,"{}",4,0,"{""name"":""rect"",""x"":587,""y"":861,""width"":272,""height"":165}","{""vehicle_type"":""1"",""license_number"":""unknown"",""license_color"":""0""}"
132622201609290759580001_346.jpg,600022,"{}",4,1,"{""name"":""rect"",""x"":660,""y"":741,""width"":159,""height"":75}","{""vehicle_type"":""1"",""license_number"":""unknown"",""license_color"":""0""}"
132622201609290759580001_346.jpg,600022,"{}",4,2,"{""name"":""rect"",""x"":1081,""y"":735,""width"":107,""height"":79}","{""vehicle_type"":""1"",""license_number"":""unknown"",""license_color"":""0""}"
132622201609290759580001_346.jpg,600022,"{}",4,3,"{""name"":""rect"",""x"":1027,""y"":691,""width"":107,""height"":70}","{""vehicle_type"":""1"",""license_number"":""unknown"",""license_color"":""0""}"
132622201609290759580001_347.jpg,596213,"{}",2,0,"{""name"":""rect"",""x"":754,""y"":747,""width"":127,""height"":89}","{""vehicle_type"":""1"",""license_number"":""unknown"",""license_color"":""0""}"
132622201609290759580001_347.jpg,596213,"{}",2,1,"{""name"":""rect"",""x"":1116,""y"":717,""width"":101,""height"":73}","{""vehicle_type"":""1"",""license_number"":""unknown"",""license_color"":""0""}"
132622201609290759580001_348.jpg,598510,"{}",1,0,"{""name"":""rect"",""x"":710,""y"":932,""width"":251,""height"":139}","{""vehicle_type"":""1"",""license_number"":""unknown"",""license_color"":""5""}"
132622201609290759580001_349.jpg,607689,"{}",5,0,"{""name"":""rect"",""x"":732,""y"":801,""width"":178,""height"":130}","{""vehicle_type"":""1"",""license_number"":""unknown"",""license_color"":""0""}"
132622201609290759580001_349.jpg,607689,"{}",5,1,"{""name"":""rect"",""x"":877,""y"":846,""width"":203,""height"":152}","{""vehicle_type"":""1"",""license_number"":""unknown"",""license_color"":""0""}"
132622201609290759580001_349.jpg,607689,"{}",5,2,"{""name"":""rect"",""x"":1280,""y"":761,""width"":129,""height"":99}","{""vehicle_type"":""1"",""license_number"":""unknown"",""license_color"":""0""}"
132622201609290759580001_349.jpg,607689,"{}",5,3,"{""name"":""rect"",""x"":1146,""y"":693,""width"":89,""height"":73}","{""vehicle_type"":""1"",""license_number"":""unknown"",""license_color"":""0""}"
132622201609290759580001_349.jpg,607689,"{}",5,4,"{""name"":""rect"",""x"":1067,""y"":685,""width"":77,""height"":61}","{""vehicle_type"":""1"",""license_number"":""unknown"",""license_color"":""0""}"
132622201609290759580001_350.jpg,609209,"{}",3,0,"{""name"":""rect"",""x"":915,""y"":846,""width"":171,""height"":148}","{""vehicle_type"":""5"",""license_number"":""unknown"",""license_color"":""0""}"
132622201609290759580001_350.jpg,609209,"{}",3,1,"{""name"":""rect"",""x"":776,""y"":799,""width"":161,""height"":118}","{""vehicle_type"":""1"",""license_number"":""unknown"",""license_color"":""0""}"
132622201609290759580001_350.jpg,609209,"{}",3,2,"{""name"":""rect"",""x"":856,""y"":715,""width"":99,""height"":66}","{""vehicle_type"":""1"",""license_number"":""unknown"",""license_color"":""0""}"
132622201609290759580001_351.jpg,603559,"{}",2,0,"{""name"":""rect"",""x"":599,""y"":852,""width"":221,""height"":149}","{""vehicle_type"":""1"",""license_number"":""unknown"",""license_color"":""0""}"
132622201609290759580001_351.jpg,603559,"{}",2,1,"{""name"":""rect"",""x"":988,""y"":791,""width"":143,""height"":111}","{""vehicle_type"":""1"",""license_number"":""unknown"",""license_color"":""0""}"
132622201609290759580001_352.jpg,603115,"{}",1,0,"{""name"":""rect"",""x"":859,""y"":855,""width"":203,""height"":153}","{""vehicle_type"":""1"",""license_number"":""unknown"",""license_color"":""0""}"
132622201609290759580001_353.jpg,613191,"{}",4,0,"{""name"":""rect"",""x"":918,""y"":767,""width"":172,""height"":115}","{""vehicle_type"":""5"",""license_number"":""unknown"",""license_color"":""0""}"
132622201609290759580001_353.jpg,613191,"{}",4,1,"{""name"":""rect"",""x"":700,""y"":938,""width"":234,""height"":137}","{""vehicle_type"":""5"",""license_number"":""unknown"",""license_color"":""5""}"
132622201609290759580001_353.jpg,613191,"{}",4,2,"{""name"":""rect"",""x"":1151,""y"":679,""width"":95,""height"":79}","{""vehicle_type"":""1"",""license_number"":""unknown"",""license_color"":""0""}"
132622201609290759580001_353.jpg,613191,"{}",4,3,"{""name"":""rect"",""x"":972,""y"":679,""width"":107,""height"":64}","{""vehicle_type"":""1"",""license_number"":""unknown"",""license_color"":""0""}"
132622201609290759580001_354.jpg,604989,"{}",3,0,"{""name"":""rect"",""x"":804,""y"":861,""width"":237,""height"":164}","{""vehicle_type"":""1"",""license_number"":""unknown"",""license_color"":""0""}"
132622201609290759580001_354.jpg,604989,"{}",3,1,"{""name"":""rect"",""x"":789,""y"":793,""width"":140,""height"":108}","{""vehicle_type"":""1"",""license_number"":""unknown"",""license_color"":""0""}"
132622201609290759580001_354.jpg,604989,"{}",3,2,"{""name"":""rect"",""x"":883,""y"":684,""width"":98,""height"":73}","{""vehicle_type"":""1"",""license_number"":""unknown"",""license_color"":""0""}"
132622201609290759580001_355.jpg,597428,"{}",1,0,"{""name"":""rect"",""x"":883,""y"":694,""width"":101,""height"":66}","{""vehicle_type"":""1"",""license_number"":""unknown"",""license_color"":""0""}"
132622201609290759580001_356.jpg,616202,"{}",5,0,"{""name"":""rect"",""x"":894,""y"":812,""width"":151,""height"":143}","{""vehicle_type"":""1"",""license_number"":""unknown"",""license_color"":""0""}"
132622201609290759580001_356.jpg,616202,"{}",5,1,"{""name"":""rect"",""x"":1093,""y"":710,""width"":117,""height"":92}","{""vehicle_type"":""1"",""license_number"":""unknown"",""license_color"":""0""}"
132622201609290759580001_356.jpg,616202,"{}",5,2,"{""name"":""rect"",""x"":890,""y"":700,""width"":72,""height"":66}","{""vehicle_type"":""1"",""license_number"":""unknown"",""license_color"":""0""}"
132622201609290759580001_356.jpg,616202,"{}",5,3,"{""name"":""rect"",""x"":1431,""y"":763,""width"":101,""height"":111}","{""vehicle_type"":""5"",""license_number"":""unknown"",""license_color"":""0""}"
132622201609290759580001_356.jpg,616202,"{}",5,4,"{""name"":""rect"",""x"":19,""y"":858,""width"":641,""height"":215}","{""vehicle_type"":""9"",""license_number"":""unknown"",""license_color"":""0""}"
132622201609290759580001_357.jpg,608035,"{}",4,0,"{""name"":""rect"",""x"":935,""y"":788,""width"":133,""height"":104}","{""vehicle_type"":""1"",""license_number"":""unknown"",""license_color"":""0""}"
132622201609290759580001_357.jpg,608035,"{}",4,1,"{""name"":""rect"",""x"":1144,""y"":709,""width"":85,""height"":80}","{""vehicle_type"":""1"",""license_number"":""unknown"",""license_color"":""0""}"
132622201609290759580001_357.jpg,608035,"{}",4,2,"{""name"":""rect"",""x"":874,""y"":704,""width"":96,""height"":75}","{""vehicle_type"":""1"",""license_number"":""unknown"",""license_color"":""0""}"
132622201609290759580001_357.jpg,608035,"{}",4,3,"{""name"":""rect"",""x"":340,""y"":909,""width"":333,""height"":162}","{""vehicle_type"":""1"",""license_number"":""unknown"",""license_color"":""0""}"
132622201609290759580001_358.jpg,596245,"{}",2,0,"{""name"":""rect"",""x"":766,""y"":796,""width"":194,""height"":107}","{""vehicle_type"":""1"",""license_number"":""unknown"",""license_color"":""0""}"
132622201609290759580001_358.jpg,596245,"{}",2,1,"{""name"":""rect"",""x"":874,""y"":698,""width"":96,""height"":77}","{""vehicle_type"":""1"",""license_number"":""unknown"",""license_color"":""0""}"
132622201609290759580001_359.jpg,605902,"{}",5,0,"{""name"":""rect"",""x"":1005,""y"":779,""width"":140,""height"":115}","{""vehicle_type"":""1"",""license_number"":""unknown"",""license_color"":""0""}"
132622201609290759580001_359.jpg,605902,"{}",5,1,"{""name"":""rect"",""x"":1172,""y"":696,""width"":86,""height"":58}","{""vehicle_type"":""1"",""license_number"":""unknown"",""license_color"":""0""}"
132622201609290759580001_359.jpg,605902,"{}",5,2,"{""name"":""rect"",""x"":1374,""y"":795,""width"":123,""height"":118}","{""vehicle_type"":""1"",""license_number"":""unknown"",""license_color"":""0""}"
132622201609290759580001_359.jpg,605902,"{}",5,3,"{""name"":""rect"",""x"":871,""y"":696,""width"":92,""height"":79}","{""vehicle_type"":""1"",""license_number"":""unknown"",""license_color"":""0""}"
132622201609290759580001_359.jpg,605902,"{}",5,4,"{""name"":""rect"",""x"":373,""y"":953,""width"":288,""height"":123}","{""vehicle_type"":""1"",""license_number"":""unknown"",""license_color"":""0""}"
132622201609290759580001_360.jpg,601587,"{}",3,0,"{""name"":""rect"",""x"":862,""y"":744,""width"":94,""height"":82}","{""vehicle_type"":""1"",""license_number"":""unknown"",""license_color"":""0""}"
132622201609290759580001_360.jpg,601587,"{}",3,1,"{""name"":""rect"",""x"":1093,""y"":720,""width"":111,""height"":82}","{""vehicle_type"":""1"",""license_number"":""unknown"",""license_color"":""0""}"
132622201609290759580001_360.jpg,601587,"{}",3,2,"{""name"":""rect"",""x"":1128,""y"":925,""width"":210,""height"":148}","{""vehicle_type"":""1"",""license_number"":""unknown"",""license_color"":""0""}"
132622201609290759580001_361.jpg,591197,"{}",4,0,"{""name"":""rect"",""x"":758,""y"":887,""width"":224,""height"":186}","{""vehicle_type"":""1"",""license_number"":""unknown"",""license_color"":""0""}"
132622201609290759580001_361.jpg,591197,"{}",4,1,"{""name"":""rect"",""x"":1005,""y"":682,""width"":41,""height"":61}","{""vehicle_type"":""0"",""license_number"":""unknown"",""license_color"":""5""}"
132622201609290759580001_361.jpg,591197,"{}",4,2,"{""name"":""rect"",""x"":868,""y"":728,""width"":50,""height"":69}","{""vehicle_type"":""0"",""license_number"":""unknown"",""license_color"":""5""}"
132622201609290759580001_361.jpg,591197,"{}",4,3,"{""name"":""rect"",""x"":1078,""y"":697,""width"":80,""height"":60}","{""vehicle_type"":""1"",""license_number"":""unknown"",""license_color"":""0""}"
132622201609290759580001_362.jpg,608506,"{}",6,0,"{""name"":""rect"",""x"":678,""y"":833,""width"":202,""height"":134}","{""vehicle_type"":""1"",""license_number"":""unknown"",""license_color"":""0""}"
132622201609290759580001_362.jpg,608506,"{}",6,1,"{""name"":""rect"",""x"":995,""y"":783,""width"":140,""height"":117}","{""vehicle_type"":""1"",""license_number"":""unknown"",""license_color"":""0""}"
132622201609290759580001_362.jpg,608506,"{}",6,2,"{""name"":""rect"",""x"":1141,""y"":701,""width"":98,""height"":82}","{""vehicle_type"":""1"",""license_number"":""unknown"",""license_color"":""0""}"
132622201609290759580001_362.jpg,608506,"{}",6,3,"{""name"":""rect"",""x"":1058,""y"":685,""width"":94,""height"":69}","{""vehicle_type"":""1"",""license_number"":""unknown"",""license_color"":""0""}"
132622201609290759580001_362.jpg,608506,"{}",6,4,"{""name"":""rect"",""x"":859,""y"":709,""width"":98,""height"":77}","{""vehicle_type"":""1"",""license_number"":""unknown"",""license_color"":""0""}"
132622201609290759580001_362.jpg,608506,"{}",6,5,"{""name"":""rect"",""x"":1568,""y"":665,""width"":156,""height"":172}","{""vehicle_type"":""9"",""license_number"":""unknown"",""license_color"":""1""}"
132622201609290759580001_363.jpg,607191,"{}",3,0,"{""name"":""rect"",""x"":843,""y"":774,""width"":137,""height"":120}","{""vehicle_type"":""5"",""license_number"":""unknown"",""license_color"":""0""}"
132622201609290759580001_363.jpg,607191,"{}",3,1,"{""name"":""rect"",""x"":905,""y"":837,""width"":168,""height"":128}","{""vehicle_type"":""1"",""license_number"":""unknown"",""license_color"":""0""}"
132622201609290759580001_363.jpg,607191,"{}",3,2,"{""name"":""rect"",""x"":1470,""y"":942,""width"":192,""height"":134}","{""vehicle_type"":""1"",""license_number"":""unknown"",""license_color"":""5""}"
132622201609290759580001_364.jpg,599306,"{}",2,0,"{""name"":""rect"",""x"":1105,""y"":728,""width"":101,""height"":80}","{""vehicle_type"":""1"",""license_number"":""unknown"",""license_color"":""0""}"
132622201609290759580001_364.jpg,599306,"{}",2,1,"{""name"":""rect"",""x"":1436,""y"":696,""width"":72,""height"":60}","{""vehicle_type"":""1"",""license_number"":""unknown"",""license_color"":""0""}"
132622201609290759580001_365.jpg,611149,"{}",5,0,"{""name"":""rect"",""x"":738,""y"":788,""width"":171,""height"":108}","{""vehicle_type"":""1"",""license_number"":""unknown"",""license_color"":""0""}"
132622201609290759580001_365.jpg,611149,"{}",5,1,"{""name"":""rect"",""x"":1056,""y"":725,""width"":86,""height"":87}","{""vehicle_type"":""1"",""license_number"":""unknown"",""license_color"":""0""}"
132622201609290759580001_365.jpg,611149,"{}",5,2,"{""name"":""rect"",""x"":689,""y"":903,""width"":254,""height"":176}","{""vehicle_type"":""1"",""license_number"":""unknown"",""license_color"":""0""}"
132622201609290759580001_365.jpg,611149,"{}",5,3,"{""name"":""rect"",""x"":1292,""y"":728,""width"":104,""height"":99}","{""vehicle_type"":""1"",""license_number"":""unknown"",""license_color"":""0""}"
132622201609290759580001_365.jpg,611149,"{}",5,4,"{""name"":""rect"",""x"":1158,""y"":672,""width"":71,""height"":68}","{""vehicle_type"":""1"",""license_number"":""unknown"",""license_color"":""0""}"
132622201609290759580001_366.jpg,593478,"{}",2,0,"{""name"":""rect"",""x"":1407,""y"":760,""width"":117,""height"":85}","{""vehicle_type"":""1"",""license_number"":""unknown"",""license_color"":""0""}"
132622201609290759580001_366.jpg,593478,"{}",2,1,"{""name"":""rect"",""x"":1077,""y"":696,""width"":42,""height"":64}","{""vehicle_type"":""0"",""license_number"":""unknown"",""license_color"":""5""}"
132622201609290759580001_367.jpg,595676,"{}",1,0,"{""name"":""rect"",""x"":1208,""y"":704,""width"":58,""height"":73}","{""vehicle_type"":""0"",""license_number"":""unknown"",""license_color"":""5""}"
132622201609290759580001_368.jpg,603331,"{}",3,0,"{""name"":""rect"",""x"":1398,""y"":764,""width"":137,""height"":155}","{""vehicle_type"":""1"",""license_number"":""unknown"",""license_color"":""0""}"
132622201609290759580001_368.jpg,603331,"{}",3,1,"{""name"":""rect"",""x"":1262,""y"":712,""width"":34,""height"":63}","{""vehicle_type"":""0"",""license_number"":""unknown"",""license_color"":""5""}"
132622201609290759580001_368.jpg,603331,"{}",3,2,"{""name"":""rect"",""x"":967,""y"":722,""width"":114,""height"":75}","{""vehicle_type"":""1"",""license_number"":""unknown"",""license_color"":""0""}"
132622201609290759580001_369.jpg,598187,"{}",3,0,"{""name"":""rect"",""x"":1048,""y"":729,""width"":133,""height"":129}","{""vehicle_type"":""5"",""license_number"":""unknown"",""license_color"":""0""}"
132622201609290759580001_369.jpg,598187,"{}",3,1,"{""name"":""rect"",""x"":750,""y"":802,""width"":161,""height"":129}","{""vehicle_type"":""1"",""license_number"":""unknown"",""license_color"":""0""}"
132622201609290759580001_369.jpg,598187,"{}",3,2,"{""name"":""rect"",""x"":1467,""y"":716,""width"":37,""height"":77}","{""vehicle_type"":""0"",""license_number"":""unknown"",""license_color"":""5""}"
132622201609290759580001_370.jpg,599610,"{}",2,0,"{""name"":""rect"",""x"":1415,""y"":911,""width"":222,""height"":161}","{""vehicle_type"":""1"",""license_number"":""unknown"",""license_color"":""5""}"
132622201609290759580001_370.jpg,599610,"{}",2,1,"{""name"":""rect"",""x"":1698,""y"":726,""width"":42,""height"":92}","{""vehicle_type"":""0"",""license_number"":""unknown"",""license_color"":""5""}"
132622201609290759580001_371.jpg,572573,"{}",0,0,"{}","{}"
132622201609290759580001_372.jpg,582343,"{}",2,0,"{""name"":""rect"",""x"":1324,""y"":679,""width"":80,""height"":64}","{""vehicle_type"":""1"",""license_number"":""unknown"",""license_color"":""0""}"
132622201609290759580001_372.jpg,582343,"{}",2,1,"{""name"":""rect"",""x"":1089,""y"":997,""width"":226,""height"":80}","{""vehicle_type"":""1"",""license_number"":""unknown"",""license_color"":""5""}"
132622201609290759580001_373.jpg,612458,"{}",6,0,"{""name"":""rect"",""x"":508,""y"":869,""width"":267,""height"":177}","{""vehicle_type"":""1"",""license_number"":""unknown"",""license_color"":""0""}"
132622201609290759580001_373.jpg,612458,"{}",6,1,"{""name"":""rect"",""x"":801,""y"":722,""width"":118,""height"":77}","{""vehicle_type"":""1"",""license_number"":""unknown"",""license_color"":""0""}"
132622201609290759580001_373.jpg,612458,"{}",6,2,"{""name"":""rect"",""x"":1070,""y"":679,""width"":114,""height"":86}","{""vehicle_type"":""1"",""license_number"":""unknown"",""license_color"":""0""}"
132622201609290759580001_373.jpg,612458,"{}",6,3,"{""name"":""rect"",""x"":696,""y"":891,""width"":288,""height"":180}","{""vehicle_type"":""1"",""license_number"":""unknown"",""license_color"":""0""}"
132622201609290759580001_373.jpg,612458,"{}",6,4,"{""name"":""rect"",""x"":1322,""y"":742,""width"":83,""height"":64}","{""vehicle_type"":""1"",""license_number"":""unknown"",""license_color"":""0""}"
132622201609290759580001_373.jpg,612458,"{}",6,5,"{""name"":""rect"",""x"":1574,""y"":671,""width"":142,""height"":143}","{""vehicle_type"":""9"",""license_number"":""unknown"",""license_color"":""5""}"
132622201609290759580001_374.jpg,579496,"{}",0,0,"{}","{}"
132622201609290759580001_375.jpg,573906,"{}",0,0,"{}","{}"
132622201609290759580001_376.jpg,578665,"{}",2,0,"{""name"":""rect"",""x"":1406,""y"":764,""width"":120,""height"":85}","{""vehicle_type"":""1"",""license_number"":""unknown"",""license_color"":""0""}"
132622201609290759580001_376.jpg,578665,"{}",2,1,"{""name"":""rect"",""x"":1194,""y"":674,""width"":75,""height"":69}","{""vehicle_type"":""1"",""license_number"":""unknown"",""license_color"":""0""}"
132622201609290759580001_377.jpg,581508,"{}",1,0,"{""name"":""rect"",""x"":1267,""y"":675,""width"":190,""height"":92}","{""vehicle_type"":""1"",""license_number"":""unknown"",""license_color"":""0""}"
132622201609290759580001_378.jpg,593914,"{}",5,0,"{""name"":""rect"",""x"":858,""y"":759,""width"":134,""height"":101}","{""vehicle_type"":""1"",""license_number"":""unknown"",""license_color"":""0""}"
132622201609290759580001_378.jpg,593914,"{}",5,1,"{""name"":""rect"",""x"":1050,""y"":753,""width"":98,""height"":87}","{""vehicle_type"":""1"",""license_number"":""unknown"",""license_color"":""0""}"
132622201609290759580001_378.jpg,593914,"{}",5,2,"{""name"":""rect"",""x"":1116,""y"":668,""width"":69,""height"":74}","{""vehicle_type"":""1"",""license_number"":""unknown"",""license_color"":""0""}"
132622201609290759580001_378.jpg,593914,"{}",5,3,"{""name"":""rect"",""x"":1212,""y"":918,""width"":194,""height"":141}","{""vehicle_type"":""1"",""license_number"":""unknown"",""license_color"":""0""}"
132622201609290759580001_378.jpg,593914,"{}",5,4,"{""name"":""rect"",""x"":1539,""y"":681,""width"":89,""height"":65}","{""vehicle_type"":""1"",""license_number"":""unknown"",""license_color"":""0""}"
132622201609290759580001_379.jpg,593611,"{}",3,0,"{""name"":""rect"",""x"":744,""y"":908,""width"":269,""height"":165}","{""vehicle_type"":""1"",""license_number"":""unknown"",""license_color"":""0""}"
132622201609290759580001_379.jpg,593611,"{}",3,1,"{""name"":""rect"",""x"":1557,""y"":671,""width"":72,""height"":74}","{""vehicle_type"":""1"",""license_number"":""unknown"",""license_color"":""0""}"
132622201609290759580001_379.jpg,593611,"{}",3,2,"{""name"":""rect"",""x"":1212,""y"":674,""width"":72,""height"":53}","{""vehicle_type"":""1"",""license_number"":""unknown"",""license_color"":""0""}"
132622201609290759580001_380.jpg,591318,"{}",2,0,"{""name"":""rect"",""x"":843,""y"":859,""width"":184,""height"":145}","{""vehicle_type"":""1"",""license_number"":""unknown"",""license_color"":""0""}"
132622201609290759580001_380.jpg,591318,"{}",2,1,"{""name"":""rect"",""x"":1116,""y"":634,""width"":73,""height"":79}","{""vehicle_type"":""12"",""license_number"":""unknown"",""license_color"":""0""}"
132622201609290759580001_381.jpg,592663,"{}",4,0,"{""name"":""rect"",""x"":514,""y"":890,""width"":253,""height"":169}","{""vehicle_type"":""1"",""license_number"":""unknown"",""license_color"":""0""}"
132622201609290759580001_381.jpg,592663,"{}",4,1,"{""name"":""rect"",""x"":1042,""y"":742,""width"":121,""height"":108}","{""vehicle_type"":""1"",""license_number"":""unknown"",""license_color"":""0""}"
132622201609290759580001_381.jpg,592663,"{}",4,2,"{""name"":""rect"",""x"":1105,""y"":674,""width"":72,""height"":48}","{""vehicle_type"":""1"",""license_number"":""unknown"",""license_color"":""0""}"
132622201609290759580001_381.jpg,592663,"{}",4,3,"{""name"":""rect"",""x"":1563,""y"":681,""width"":73,""height"":77}","{""vehicle_type"":""1"",""license_number"":""unknown"",""license_color"":""0""}"
132622201609290759580001_382.jpg,585358,"{}",4,0,"{""name"":""rect"",""x"":959,""y"":804,""width"":149,""height"":125}","{""vehicle_type"":""1"",""license_number"":""unknown"",""license_color"":""0""}"
132622201609290759580001_382.jpg,585358,"{}",4,1,"{""name"":""rect"",""x"":1116,""y"":720,""width"":114,""height"":84}","{""vehicle_type"":""1"",""license_number"":""unknown"",""license_color"":""0""}"
132622201609290759580001_382.jpg,585358,"{}",4,2,"{""name"":""rect"",""x"":947,""y"":710,""width"":147,""height"":86}","{""vehicle_type"":""1"",""license_number"":""unknown"",""license_color"":""0""}"
132622201609290759580001_382.jpg,585358,"{}",4,3,"{""name"":""rect"",""x"":1575,""y"":671,""width"":65,""height"":69}","{""vehicle_type"":""1"",""license_number"":""unknown"",""license_color"":""0""}"
132622201609290759580001_383.jpg,598863,"{}",5,0,"{""name"":""rect"",""x"":465,""y"":876,""width"":297,""height"":195}","{""vehicle_type"":""1"",""license_number"":""unknown"",""license_color"":""0""}"
132622201609290759580001_383.jpg,598863,"{}",5,1,"{""name"":""rect"",""x"":986,""y"":717,""width"":105,""height"":84}","{""vehicle_type"":""1"",""license_number"":""unknown"",""license_color"":""0""}"
132622201609290759580001_383.jpg,598863,"{}",5,2,"{""name"":""rect"",""x"":1193,""y"":668,""width"":89,""height"":66}","{""vehicle_type"":""1"",""license_number"":""unknown"",""license_color"":""0""}"
132622201609290759580001_383.jpg,598863,"{}",5,3,"{""name"":""rect"",""x"":1407,""y"":792,""width"":116,""height"":89}","{""vehicle_type"":""1"",""license_number"":""unknown"",""license_color"":""0""}"
132622201609290759580001_383.jpg,598863,"{}",5,4,"{""name"":""rect"",""x"":1568,""y"":674,""width"":78,""height"":78}","{""vehicle_type"":""1"",""license_number"":""unknown"",""license_color"":""0""}"
132622201609290759580001_384.jpg,610269,"{}",4,0,"{""name"":""rect"",""x"":602,""y"":840,""width"":330,""height"":231}","{""vehicle_type"":""12"",""license_number"":""unknown"",""license_color"":""5""}"
132622201609290759580001_384.jpg,610269,"{}",4,1,"{""name"":""rect"",""x"":1403,""y"":767,""width"":107,""height"":78}","{""vehicle_type"":""1"",""license_number"":""unknown"",""license_color"":""0""}"
132622201609290759580001_384.jpg,610269,"{}",4,2,"{""name"":""rect"",""x"":1578,""y"":662,""width"":132,""height"":159}","{""vehicle_type"":""1"",""license_number"":""unknown"",""license_color"":""5""}"
132622201609290759580001_384.jpg,610269,"{}",4,3,"{""name"":""rect"",""x"":1131,""y"":707,""width"":111,""height"":80}","{""vehicle_type"":""1"",""license_number"":""unknown"",""license_color"":""0""}"
132622201609290759580001_385.jpg,588814,"{}",5,0,"{""name"":""rect"",""x"":1186,""y"":864,""width"":175,""height"":161}","{""vehicle_type"":""1"",""license_number"":""MF9090"",""license_color"":""0""}"
132622201609290759580001_385.jpg,588814,"{}",5,1,"{""name"":""rect"",""x"":1184,""y"":691,""width"":67,""height"":57}","{""vehicle_type"":""1"",""license_number"":""unknown"",""license_color"":""0""}"
132622201609290759580001_385.jpg,588814,"{}",5,2,"{""name"":""rect"",""x"":1005,""y"":719,""width"":96,""height"":83}","{""vehicle_type"":""1"",""license_number"":""unknown"",""license_color"":""0""}"
132622201609290759580001_385.jpg,588814,"{}",5,3,"{""name"":""rect"",""x"":450,""y"":860,""width"":291,""height"":207}","{""vehicle_type"":""1"",""license_number"":""unknown"",""license_color"":""0""}"
132622201609290759580001_385.jpg,588814,"{}",5,4,"{""name"":""rect"",""x"":1576,""y"":684,""width"":66,""height"":63}","{""vehicle_type"":""1"",""license_number"":""unknown"",""license_color"":""0""}"
132622201609290759580001_386.jpg,582250,"{}",2,0,"{""name"":""rect"",""x"":1395,""y"":814,""width"":151,""height"":129}","{""vehicle_type"":""1"",""license_number"":""unknown"",""license_color"":""0""}"
132622201609290759580001_386.jpg,582250,"{}",2,1,"{""name"":""rect"",""x"":1559,""y"":674,""width"":89,""height"":72}","{""vehicle_type"":""1"",""license_number"":""unknown"",""license_color"":""0""}"
132622201609290759580001_387.jpg,579856,"{}",1,0,"{""name"":""rect"",""x"":1569,""y"":678,""width"":74,""height"":60}","{""vehicle_type"":""1"",""license_number"":""unknown"",""license_color"":""0""}"
132622201609290759580001_388.jpg,582317,"{}",4,0,"{""name"":""rect"",""x"":996,""y"":704,""width"":90,""height"":84}","{""vehicle_type"":""1"",""license_number"":""unknown"",""license_color"":""0""}"
132622201609290759580001_388.jpg,582317,"{}",4,1,"{""name"":""rect"",""x"":1062,""y"":756,""width"":114,""height"":84}","{""vehicle_type"":""1"",""license_number"":""unknown"",""license_color"":""0""}"
132622201609290759580001_388.jpg,582317,"{}",4,2,"{""name"":""rect"",""x"":1266,""y"":740,""width"":104,""height"":87}","{""vehicle_type"":""1"",""license_number"":""unknown"",""license_color"":""0""}"
132622201609290759580001_388.jpg,582317,"{}",4,3,"{""name"":""rect"",""x"":1554,""y"":668,""width"":96,""height"":84}","{""vehicle_type"":""1"",""license_number"":""unknown"",""license_color"":""0""}"
132622201609290759580001_389.jpg,580739,"{}",2,0,"{""name"":""rect"",""x"":1561,""y"":677,""width"":79,""height"":70}","{""vehicle_type"":""1"",""license_number"":""unknown"",""license_color"":""0""}"
132622201609290759580001_389.jpg,580739,"{}",2,1,"{""name"":""rect"",""x"":1420,""y"":682,""width"":75,""height"":42}","{""vehicle_type"":""1"",""license_number"":""unknown"",""license_color"":""0""}"
132622201609290759580001_390.jpg,575329,"{}",1,0,"{""name"":""rect"",""x"":1566,""y"":684,""width"":80,""height"":63}","{""vehicle_type"":""1"",""license_number"":""unknown"",""license_color"":""0""}"